Title,Date
"The Office (U.S.): Season 7: Nepotism","12/28/20"
"The Office (U.S.): Season 9: Andy's Ancestry","12/28/20"
"Breaking Bad: Season 5: Ozymandias","12/24/20"
"The Office (U.S.): Season 9: Roy's Wedding","12/22/20"
"The Office (U.S.): Season 2: Dwight's Speech","12/22/20"
"The Office (U.S.): Season 1: Health Care","12/21/20"
"The Office (U.S.): Season 1: Pilot","12/20/20"
"The Office (U.S.): Season 6: Sabre","12/20/20"
"Chef","12/19/20"
"The Office (U.S.): Season 2: Drug Testing","12/19/20"
"The Office (U.S.): Season 5: Stress Relief: Part 2","12/19/20"
"The Office (U.S.): Season 5: Stress Relief: Part 1","12/19/20"
"The Office (U.S.): Season 7: Costume Contest","12/19/20"
"The Office (U.S.): Season 7: Viewing Party","12/18/20"
"The Office (U.S.): Season 7: WUPHF.com","12/18/20"
"The Office (U.S.): Season 7: Todd Packer","12/17/20"
"The Office (U.S.): Season 3: The Coup","12/16/20"
"The Office (U.S.): Season 8: Last Day in Florida","12/13/20"
"The Office (U.S.): Season 8: Test the Store","12/13/20"
"The Office (U.S.): Season 8: After Hours","12/13/20"
"The Office (U.S.): Season 8: Tallahassee","12/13/20"
"The Office (U.S.): Season 8: Special Project","12/13/20"
"The Office (U.S.): Season 2: Email Surveillance","12/13/20"
"The Office (U.S.): Season 2: Office Olympics","12/12/20"
"The Office (U.S.): Season 3: The Job","12/12/20"
"The Office (U.S.): Season 3: Safety Training","12/12/20"
"The Office (U.S.): Season 3: The Negotiation","12/12/20"
"The Office (U.S.): Season 3: The Merger","12/12/20"
"The Office (U.S.): Season 3: Initiation","12/12/20"
"The Office (U.S.): Season 9: New Guys","12/11/20"
"The Office (U.S.): Season 8: Free Family Portrait Studio","12/11/20"
"The Office (U.S.): Season 3: A Benihana Christmas","12/10/20"
"The Office (U.S.): Season 9: Lice","12/9/20"
"The Office (U.S.): Season 3: The Return","12/9/20"
"The Office (U.S.): Season 3: The Convict","12/8/20"
"The Office (U.S.): Season 6: Scott's Tots","12/7/20"
"The Office (U.S.): Season 7: Michael's Last Dundies","12/6/20"
"The Office (U.S.): Season 2: The Dundies","12/6/20"
"The Office (U.S.): Season 6: Mafia","12/6/20"
"The Office (U.S.): Season 5: The Duel","12/6/20"
"The Office (U.S.): Season 5: Frame Toby","12/6/20"
"The Office (U.S.): Season 5: Customer Survey","12/4/20"
"The Office (U.S.): Season 5: Employee Transfer","12/4/20"
"The Office (U.S.): Season 7: Sex Ed","12/4/20"
"The Office (U.S.): Season 6: Shareholder Meeting","12/4/20"
"The Office (U.S.): Season 6: Murder","12/4/20"
"The Office (U.S.): Season 6: Niagara: Part 1","12/4/20"
"The Office (U.S.): Season 6: The Promotion","12/4/20"
"The Office (U.S.): Season 6: Double Date","12/3/20"
"The Office (U.S.): Season 6: The Lover","12/3/20"
"The Office (U.S.): Season 5: Crime Aid","12/2/20"
"The Office (U.S.): Season 5: Baby Shower","12/2/20"
"The Office (U.S.): Season 5: Business Ethics","12/2/20"
"The Office (U.S.): Season 5: Weight Loss: Part 2","12/2/20"
"The Office (U.S.): Season 5: Weight Loss: Part 1","12/2/20"
"The Office (U.S.): Season 4: Did I Stutter","12/2/20"
"The Office (U.S.): Season 4: Night Out","12/2/20"
"The Office (U.S.): Season 4: The Chair Model","12/2/20"
"The Office (U.S.): Season 4: Dinner Party","12/2/20"
"The Office (U.S.): Season 8: Christmas Wishes","12/1/20"
"The Office (U.S.): Season 9: Finale","11/30/20"
"The Office (U.S.): Season 9: A.A.R.M","11/30/20"
"The Office (U.S.): Season 9: Livin' the Dream","11/30/20"
"The Office (U.S.): Season 9: Paper Airplane","11/30/20"
"The Office (U.S.): Season 9: Stairmageddon","11/30/20"
"The Office (U.S.): Season 9: Promos","11/30/20"
"The Office (U.S.): Season 9: Here Comes Treble","11/29/20"
"The Office (U.S.): Season 9: Work Bus","11/29/20"
"The Office (U.S.): Season 7: Dwight K. Schrute, (Acting) Manager","11/29/20"
"The Office (U.S.): Season 7: The Inner Circle","11/29/20"
"The Office (U.S.): Season 7: Goodbye, Michael","11/29/20"
"The Office (U.S.): Season 7: Training Day","11/29/20"
"The Office (U.S.): Season 7: Garage Sale","11/29/20"
"The Office (U.S.): Season 7: Threat Level Midnight","11/29/20"
"The Office (U.S.): Season 7: PDA","11/28/20"
"The Office (U.S.): Season 7: The Search","11/28/20"
"The Office (U.S.): Season 7: The Seminar","11/28/20"
"The Office (U.S.): Season 7: Ultimatum","11/28/20"
"The Office (U.S.): Season 7: Classy Christmas: Part 1","11/27/20"
"The Office (U.S.): Season 7: China","11/27/20"
"The Office (U.S.): Season 7: Andy's Play","11/27/20"
"The Office (U.S.): Season 7: Counseling","11/27/20"
"The Office (U.S.): Season 6: Whistleblower","11/26/20"
"The Office (U.S.): Season 6: The Chump","11/26/20"
"The Office (U.S.): Season 6: The Cover-Up","11/26/20"
"The Office (U.S.): Season 6: Body Language","11/26/20"
"Attack on Titan: Season 1: That Day: The Fall of Shiganshina, Part 2","11/26/20"
"ONE PIECE: East Blue: Episode 1","11/26/20"
"The Office (U.S.): Season 6: Happy Hour","11/26/20"
"The Office (U.S.): Season 6: New Leads","11/26/20"
"The Office (U.S.): Season 6: St. Patrick's Day","11/26/20"
"The Office (U.S.): Season 6: Delivery: Part 2","11/26/20"
"The Office (U.S.): Season 6: Delivery: Part 1","11/25/20"
"The Office (U.S.): Season 6: Manager and the Salesman","11/25/20"
"The Office (U.S.): Season 6: Koi Pond","11/25/20"
"The Office (U.S.): Season 5: Company Picnic","11/24/20"
"The Office (U.S.): Season 5: Cafe Disco","11/24/20"
"The Office (U.S.): Season 5: Casual Friday","11/24/20"
"The Office (U.S.): Season 5: Broke","11/24/20"
"The Office (U.S.): Season 5: Heavy Competition","11/24/20"
"The Office (U.S.): Season 5: Michael Scott Paper Company","11/24/20"
"The Office (U.S.): Season 5: Two Weeks","11/23/20"
"The Office (U.S.): Season 5: New Boss","11/23/20"
"The Office (U.S.): Season 5: Golden Ticket","11/22/20"
"The Office (U.S.): Season 5: Blood Drive","11/22/20"
"The Office (U.S.): Season 5: Lecture Circuit: Part 2","11/22/20"
"The Office (U.S.): Season 5: Lecture Circuit: Part 1","11/22/20"
"The Office (U.S.): Season 3: Women's Appreciation","11/21/20"
"The Office (U.S.): Season 3: Product Recall","11/21/20"
"The Office (U.S.): Season 3: Traveling Salesmen","11/20/20"
"The Office (U.S.): Season 3: Back from Vacation","11/19/20"
"The Office (U.S.): Season 2: The Secret","11/15/20"
"The Office (U.S.): Season 2: The Injury","11/15/20"
"The Office (U.S.): Season 2: Booze Cruise","11/15/20"
"The Office (U.S.): Season 2: Christmas Party","11/15/20"
"The Office (U.S.): Season 2: Performance Review","11/14/20"
"The Office (U.S.): Season 2: The Client","11/14/20"
"The Office (U.S.): Season 2: The Fight","11/14/20"
"The Queen's Gambit: Limited Series: End Game","11/14/20"
"The Queen's Gambit: Limited Series: Adjournment","11/14/20"
"The Queen's Gambit: Limited Series: Fork","11/14/20"
"The Queen's Gambit: Limited Series: Middle Game","11/13/20"
"The Queen's Gambit: Limited Series: Doubled Pawns","11/13/20"
"The Office (U.S.): Season 2: Halloween","11/13/20"
"The Queen's Gambit: Limited Series: Exchanges","11/12/20"
"The Queen's Gambit: Limited Series: Openings","11/12/20"
"The Office (U.S.): Season 2: The Fire","11/11/20"
"The Office (U.S.): Season 2: Sexual Harassment","11/11/20"
"The Office (U.S.): Season 1: Hot Girl","11/11/20"
"The Office (U.S.): Season 1: Basketball","11/10/20"
"The Office (U.S.): Season 1: The Alliance","11/10/20"
"The Office (U.S.): Season 1: Diversity Day","11/8/20"
"The Office (U.S.): Season 3: Diwali","11/8/20"
"The Office (U.S.): Season 3: Grief Counseling","11/7/20"
"The Office (U.S.): Season 3: The Convention","11/6/20"
"The Office (U.S.): Season 3: Gay Witch Hunt","11/6/20"
"The Office (U.S.): Season 2: Casino Night","11/2/20"
"The Office (U.S.): Season 2: Conflict Resolution","11/1/20"
"The Office (U.S.): Season 2: Michael's Birthday","11/1/20"
"The Office (U.S.): Season 2: Take Your Daughter to Work Day","10/31/20"
"The Office (U.S.): Season 2: Valentine's Day","10/31/20"
"The Office (U.S.): Season 2: Boys and Girls","10/31/20"
"The Office (U.S.): Season 2: The Carpet","10/31/20"
"The Office (U.S.): Season 8: Gettysburg","10/31/20"
"The Office (U.S.): Season 8: Pam's Replacement","10/31/20"
"The Office (U.S.): Season 8: Doomsday","10/31/20"
"The Office (U.S.): Season 8: The List","10/31/20"
"Misaeng: Season 1: Episode 6","10/30/20"
"Misaeng: Season 1: Episode 5","10/30/20"
"The Office (U.S.): Season 8: Garden Party","10/29/20"
"The Office (U.S.): Season 8: Lotto","10/29/20"
"The Office (U.S.): Season 6: The Banker","10/26/20"
"The Office (U.S.): Season 6: Secret Santa","10/25/20"
"The Office (U.S.): Season 6: Niagara: Part 2","10/25/20"
"The Office (U.S.): Season 6: The Meeting","10/25/20"
"The Office (U.S.): Season 6: Gossip","10/25/20"
"The Office (U.S.): Season 4: Job Fair","10/24/20"
"The Office (U.S.): Season 4: Survivor Man","10/24/20"
"The Office (U.S.): Season 4: Branch Wars","10/24/20"
"The Office (U.S.): Season 4: Local Ad","10/24/20"
"Misaeng: Season 1: Episode 4","10/23/20"
"Misaeng: Season 1: Episode 3","10/23/20"
"The Office (U.S.): Season 4: Launch Party","10/22/20"
"The Office (U.S.): Season 4: Dunder Mifflin Infinity","10/21/20"
"Misaeng: Season 1: Episode 2","10/21/20"
"The Office (U.S.): Season 4: Fun Run","10/20/20"
"Misaeng: Season 1: Episode 1","10/19/20"
"The Office (U.S.): Season 3: Beach Games","10/18/20"
"Uncut Gems","10/18/20"
"Comedians in Cars Getting Coffee: First Cup: Aziz Ansari: It's Like Pushing A Building Off A Cliff","10/18/20"
"Black Mirror: Season 5: Smithereens","10/18/20"
"The Office (U.S.): Season 3: Cocktails","10/18/20"
"The Office (U.S.): Season 3: Business School","10/18/20"
"The Office (U.S.): Season 3: Phyllis's Wedding","10/18/20"
"The Office (U.S.): Season 3: Ben Franklin","10/18/20"
"The Office (U.S.): Season 3: Branch Closing","10/16/20"
"The Office (U.S.): Season 4: Money","10/16/20"
"The Office (U.S.): Season 5: Business Trip","10/16/20"
"The Office (U.S.): Season 7: Christening","10/11/20"
"The Office (U.S.): Season 7: The Sting","10/11/20"
"#Alive","10/8/20"
"Black Mirror: Season 3: Shut Up and Dance","10/5/20"
"Black Mirror: Season 1: The National Anthem","10/3/20"
"Black Mirror: Season 1: Fifteen Million Merits","10/3/20"
"Black Mirror: Season 2: Be Right Back","10/3/20"
"The Social Dilemma","9/20/20"
"The Office (U.S.): Season 5: The Surplus","9/14/20"
"100 Humans: Season 1: The Best Age to Be Alive","8/30/20"
"100 Humans: Season 1: What Makes Us Attractive?","8/30/20"
"Snowpiercer","8/28/20"
"Comedians in Cars Getting Coffee: First Cup: Tina Fey: Feces Are My Purview","8/27/20"
"Comedians in Cars Getting Coffee: Special Blend: Margaret Cho: You Can Go Cho Again","8/25/20"
"Comedians in Cars Getting Coffee: First Cup: Seth Meyers: Really?!","8/25/20"
"Comedians in Cars Getting Coffee: New 2018: Freshly Brewed: Neal Brennan: Red Bottom Shoes Equals Fantastic Babies","8/25/20"
"Comedians in Cars Getting Coffee: New 2018: Freshly Brewed: Hasan Minhaj: Nobody Cries At A Joke","8/25/20"
"Parks and Recreation: Season 5: Leslie vs. April","8/23/20"
"Parks and Recreation: Season 5: Ben's Parents","8/23/20"
"Parks and Recreation: Season 5: Halloween Surprise","8/23/20"
"Parks and Recreation: Season 5: Sex Education","8/23/20"
"Parks and Recreation: Season 5: Soda Tax","8/22/20"
"The Office (U.S.): Season 9: Dwight Christmas","8/22/20"
"The Office (U.S.): Season 9: The Target","8/22/20"
"The Office (U.S.): Season 9: The Whale","8/21/20"
"The Office (U.S.): Season 9: The Boat","8/21/20"
"The Office (U.S.): Season 8: Turf War","8/21/20"
"The Office (U.S.): Season 8: Pool Party","8/20/20"
"The Office (U.S.): Season 8: Trivia","8/20/20"
"Comedians in Cars Getting Coffee: New 2019: Freshly Brewed: Jamie Foxx: You Got To Get The Alligator Sweat","8/9/20"
"Comedians in Cars Getting Coffee: First Cup: Sarah Jessica Parker: A Little Hyper-aware","8/9/20"
"Comedians in Cars Getting Coffee: First Cup: Stephen Colbert: Cut Up And Bloody But Good Looking","8/9/20"
"Comedians in Cars Getting Coffee: First Cup: Trevor Noah: That's The Whole Point Of Apartheid, Jerry","8/9/20"
"Comedians in Cars Getting Coffee: Light & Sweet: Kevin Hart: You Look Amazing In The Wind","8/9/20"
"Comedians in Cars Getting Coffee: First Cup: Jimmy Fallon: The Unsinkable Legend - Part 2","8/9/20"
"Comedians in Cars Getting Coffee: First Cup: Jimmy Fallon: The Unsinkable Legend - Part 1","8/9/20"
"The Office (U.S.): Season 7: Search Committee: Part 2","8/6/20"
"The Office (U.S.): Season 7: Search Committee: Part 1","8/6/20"
"The Office (U.S.): Season 5: Prince Family Paper","8/2/20"
"The Office (U.S.): Season 9: Couple's Discount","8/1/20"
"The Office (U.S.): Season 9: Suit Warehouse","8/1/20"
"Avatar: The Last Airbender: Book 1: The Southern Air Temple","7/24/20"
"Avatar: The Last Airbender: Book 1: The Avatar Returns","7/24/20"
"Avatar: The Last Airbender: Book 1: The Boy in the Iceberg","7/24/20"
"Parks and Recreation: Season 5: Ron and Diane","7/17/20"
"Parks and Recreation: Season 5: Pawnee Commons","7/17/20"
"Parks and Recreation: Season 1: Pilot","7/17/20"
"Strangers From Hell: Season 1: Episode 10","7/17/20"
"Strangers From Hell: Season 1: Episode 9","7/16/20"
"Strangers From Hell: Season 1: Episode 8","7/16/20"
"Strangers From Hell: Season 1: Episode 7","7/16/20"
"Strangers From Hell: Season 1: Episode 6","7/16/20"
"Strangers From Hell: Season 1: Episode 5","7/16/20"
"Strangers From Hell: Season 1: Episode 4","7/15/20"
"Strangers From Hell: Season 1: Episode 3","7/15/20"
"Strangers From Hell: Season 1: Episode 2","7/14/20"
"Strangers From Hell: Season 1: Episode 1","7/14/20"
"Master of None: Season 1: Plan B","7/14/20"
"Master of None: Season 2: Thanksgiving","7/14/20"
"Master of None: Season 2: Door #3","7/14/20"
"Master of None: Season 2: Religion","7/14/20"
"Master of None: Season 2: Le Nozze","7/14/20"
"Master of None: Season 1: Old People","7/14/20"
"Master of None: Season 1: Nashville","7/14/20"
"Master of None: Season 1: The Other Man","7/14/20"
"Master of None: Season 1: Indians on TV","7/14/20"
"Master of None: Season 1: Hot Ticket","7/13/20"
"A Kid from Coney Island","7/11/20"
"Master of None: Season 2: Buona Notte","7/5/20"
"Master of None: Season 2: Amarsi Un Po","7/5/20"
"Master of None: Season 2: New York, I Love You","7/5/20"
"Master of None: Season 2: The Thief","7/5/20"
"Master of None: Season 1: Finale","7/5/20"
"Master of None: Season 1: Mornings","7/5/20"
"Master of None: Season 1: Ladies and Gentlemen","7/5/20"
"Master of None: Season 2: The Dinner Party","7/5/20"
"Master of None: Season 2: First Date","7/5/20"
"Alt-Right: Age of Rage","6/28/20"
"The Great Hack","6/28/20"
"Trump: An American Dream: Season 1: Politics","6/28/20"
"13TH: A Conversation with Oprah Winfrey & Ava DuVernay","6/13/20"
"13TH","6/13/20"
"Space Force: Season 1: EDISON JAYMES","6/3/20"
"Space Force: Season 1: THE SPY","6/2/20"
"Space Force: Season 1: SPACE FLAG","5/31/20"
"Space Force: Season 1: LUNAR HABITAT","5/31/20"
"Space Force: Season 1: MARK AND MALLORY GO TO WASHINGTON","5/31/20"
"Space Force: Season 1: SAVE EPSILON 6!","5/31/20"
"Space Force: Season 1: THE LAUNCH","5/30/20"
"Jeffrey Epstein: Filthy Rich: Limited Series: Finding Their Voice","5/29/20"
"Jeffrey Epstein: Filthy Rich: Limited Series: The Island","5/29/20"
"Jeffrey Epstein: Filthy Rich: Limited Series: Follow the Money","5/29/20"
"Jeffrey Epstein: Filthy Rich: Limited Series: Hunting Grounds","5/28/20"
"The Irishman","5/17/20"
"The Good Place: Season 3: Pandemonium","5/9/20"
"The Good Place: Season 3: Chidi Sees the Time-Knife","5/8/20"
"The Good Place: Season 3: The Book of Dougs","5/8/20"
"The Good Place: Season 3: Janet(s)","5/8/20"
"The Good Place: Season 3: Don't Let the Good Life Pass You By","5/8/20"
"The Good Place: Season 3: The Worst Possible Use of Free Will","5/8/20"
"The Good Place: Season 3: A Fractured Inheritance","5/7/20"
"The Good Place: Season 3: The Ballad of Donkey Doug","5/7/20"
"The Good Place: Season 3: Jeremy Bearimy","5/7/20"
"The Good Place: Season 3: The Snowplow","5/7/20"
"The Good Place: Season 3: The Brainy Bunch","5/7/20"
"The Good Place: Season 3: Everything is Bonzer","5/7/20"
"The Good Place: Season 2: Somewhere Else","5/7/20"
"The Good Place: Season 2: The Burrito","5/6/20"
"The Good Place: Season 2: Rhonda, Diana, Jake, and Trent","5/6/20"
"The Good Place: Season 2: Best Self","5/6/20"
"The Good Place: Season 2: Leap to Faith","5/6/20"
"The Good Place: Season 2: Derek","5/6/20"
"The Good Place: Season 2: Janet and Michael","5/6/20"
"The Good Place: Season 2: The Trolley Problem","5/6/20"
"The Good Place: Season 2: Existential Crisis","5/6/20"
"The Good Place: Season 2: Team Cockroach","5/5/20"
"The Good Place: Season 2: Dance Dance Resolution","5/5/20"
"The Good Place: Season 2: Everything Is Great!","5/5/20"
"The Good Place: Season 1: Michael's Gambit","5/5/20"
"The Good Place: Season 1: Mindy St. Claire","5/5/20"
"The Good Place: Season 1: What's My Motivation","5/5/20"
"The Good Place: Season 1: Chidi's Choice","5/5/20"
"The Good Place: Season 1: ...Someone Like Me as a Member","5/5/20"
"The Good Place: Season 1: Most Improved Player","5/5/20"
"The Good Place: Season 1: The Eternal Shriek","5/5/20"
"The Good Place: Season 1: What We Owe to Each Other","5/5/20"
"The Good Place: Season 1: Category 55 Emergency Doomsday Crisis","5/4/20"
"The Good Place: Season 1: Jason Mendoza","5/4/20"
"The Good Place: Season 1: Tahani Al-Jamil","5/4/20"
"The Good Place: Season 1: Flying","5/4/20"
"The Good Place: Season 1: Everything Is Fine","5/4/20"
"Parks and Recreation: Season 7: One Last Ride","5/4/20"
"Parks and Recreation: Season 7: Two Funerals","5/4/20"
"Parks and Recreation: Season 7: Pie-Mary","5/4/20"
"Parks and Recreation: Season 7: Ms. Ludgate-Dwyer Goes to Washington","5/3/20"
"Parks and Recreation: Season 7: Donna & Joe","5/3/20"
"Parks and Recreation: Season 7: Save JJ's","5/3/20"
"Parks and Recreation: Season 7: Leslie and Ron","5/3/20"
"Parks and Recreation: Season 7: William Henry Harrison","5/3/20"
"Parks and Recreation: Season 7: Ron & Jammy","5/3/20"
"Parks and Recreation: Season 6: Moving Up","5/3/20"
"Parks and Recreation: Season 6: One in 8,000","5/3/20"
"Parks and Recreation: Season 6: Flu Season 2","5/3/20"
"Parks and Recreation: Season 6: Recall Vote","5/3/20"
"Parks and Recreation: Season 6: Filibuster","5/3/20"
"Parks and Recreation: Season 6: Gin It Up!","5/3/20"
"Parks and Recreation: Season 6: Doppelgängers","5/3/20"
"Parks and Recreation: Season 5: Jerry's Retirement","5/3/20"
"Parks and Recreation: Season 5: Emergency Response","5/3/20"
"Parks and Recreation: Season 5: Ann's Decision","5/3/20"
"Parks and Recreation: Season 5: Two Parties","5/2/20"
"Parks and Recreation: Season 5: Ms. Knope Goes to Washington","5/2/20"
"Parks and Recreation: Season 4: Win, Lose, or Draw","5/2/20"
"Parks and Recreation: Season 4: Bus Tour","5/2/20"
"Parks and Recreation: Season 4: Sweet Sixteen","5/2/20"
"Parks and Recreation: Season 4: Operation Ann","5/2/20"
"Parks and Recreation: Season 4: Bowling for Votes","5/2/20"
"Parks and Recreation: Season 4: Campaign Ad","5/2/20"
"Parks and Recreation: Season 4: The Comeback Kid","5/2/20"
"Parks and Recreation: Season 4: Citizen Knope","5/2/20"
"Parks and Recreation: Season 4: The Trial of Leslie Knope","5/2/20"
"Parks and Recreation: Season 3: The Bubble","5/2/20"
"Parks and Recreation: Season 3: Road Trip","5/2/20"
"Parks and Recreation: Season 3: Jerry's Painting","5/2/20"
"Parks and Recreation: Season 3: Soulmates","5/2/20"
"Parks and Recreation: Season 3: Andy and April's Fancy Party","5/2/20"
"Parks and Recreation: Season 2: 94 Meetings","5/2/20"
"LA 92","4/23/20"
"The People vs. O.J. Simpson: Season 1: From the Ashes of Tragedy","4/23/20"
"Waco: Limited Series: Day 51","4/21/20"
"Waco: Limited Series: Stalling for Time","4/21/20"
"Waco: Limited Series: Of Milk and Men","4/21/20"
"Waco: Limited Series: Operation Showtime","4/20/20"
"Waco: Limited Series: The Strangers Across the Street","4/20/20"
"Waco: Limited Series: Visions and Omens","4/20/20"
"Kim's Convenience: Season 4: Bon Voyage","4/15/20"
"Kim's Convenience: Season 4: Knife Strife","4/15/20"
"Kim's Convenience: Season 4: Birds of a Feather","4/15/20"
"Kim's Convenience: Season 4: In the Bedroom","4/14/20"
"Kim's Convenience: Season 4: Which Witch is Which","4/14/20"
"Tiger King: Murder, Mayhem and Madness: Limited Series: The Tiger King and I","4/12/20"
"Kim's Convenience: Season 4: Chammo!","4/11/20"
"Kim's Convenience: Season 4: Beacon of Truth","4/10/20"
"Kim's Convenience: Season 4: Soccer Dad","4/10/20"
"Kim's Convenience: Season 4: Thinkin’ ‘bout Inkin’","4/9/20"
"Kim's Convenience: Season 4: Happy Ummaversary","4/9/20"
"Kim's Convenience: Season 4: The Help","4/9/20"
"Kim's Convenience: Season 4: Couch Surfing","4/9/20"
"Crash Landing on You: Season 1: Episode 16","4/9/20"
"Crash Landing on You: Season 1: Episode 1","4/9/20"
"Kim's Convenience: Season 4: The Trollop","4/4/20"
"Kim's Convenience: Season 3: New Appa-liance","4/4/20"
"Crash Landing on You: Season 1: Episode 15","4/2/20"
"Crash Landing on You: Season 1: Episode 14","4/1/20"
"Crash Landing on You: Season 1: Episode 13","4/1/20"
"Crash Landing on You: Season 1: Episode 12","4/1/20"
"Tiger King: Murder, Mayhem and Madness: Limited Series: Dethroned","3/31/20"
"Tiger King: Murder, Mayhem and Madness: Limited Series: The Noble Thing to Do","3/31/20"
"Tiger King: Murder, Mayhem and Madness: Limited Series: Make America Exotic Again","3/30/20"
"Tiger King: Murder, Mayhem and Madness: Limited Series: Playing with Fire","3/30/20"
"Tiger King: Murder, Mayhem and Madness: Limited Series: The Secret","3/30/20"
"Tiger King: Murder, Mayhem and Madness: Limited Series: Cult of Personality","3/30/20"
"Tiger King: Murder, Mayhem and Madness: Limited Series: Not Your Average Joe","3/30/20"
"Crash Landing on You: Season 1: Episode 11","3/29/20"
"Crash Landing on You: Season 1: Episode 10","3/28/20"
"Crash Landing on You: Season 1: Episode 9","3/28/20"
"Crash Landing on You: Season 1: Episode 8","3/25/20"
"Crash Landing on You: Season 1: Episode 7","3/25/20"
"Crash Landing on You: Season 1: Episode 6","3/24/20"
"Crash Landing on You: Season 1: Episode 5","3/22/20"
"Crash Landing on You: Season 1: Episode 4","3/22/20"
"Crash Landing on You: Season 1: Episode 3","3/22/20"
"Crash Landing on You: Season 1: Episode 2","3/22/20"
"Kingdom: Season 2: Episode 6","3/17/20"
"Kingdom: Season 2: Episode 5","3/17/20"
"Kingdom: Season 2: Episode 4","3/16/20"
"Kingdom: Season 2: Episode 3","3/16/20"
"Kingdom: Season 2: Episode 2","3/15/20"
"Kingdom: Season 2: Episode 1","3/15/20"
"Ugly Delicious: Season 2: Kids Menu","3/8/20"
"Ugly Delicious: Season 1: Pizza","3/8/20"
"Love Is Blind: Season 1: Last Night in Paradise","3/8/20"
"Love Is Blind: Season 1: Couples Retreat","3/7/20"
"Love Is Blind: Season 1: First Night Together","3/7/20"
"Narcos: Mexico: Season 2: Free Trade","2/20/20"
"Narcos: Mexico: Season 2: Growth, Prosperity, and Liberation","2/20/20"
"Narcos: Mexico: Season 2: Se Cayó El Sistema","2/20/20"
"Narcos: Mexico: Season 2: Truth and Reconciliation","2/19/20"
"Narcos: Mexico: Season 2: El Dedazo","2/15/20"
"Narcos: Mexico: Season 2: AFO","2/15/20"
"Narcos: Mexico: Season 2: The Big Dig","2/14/20"
"Narcos: Mexico: Season 2: Ruben Zuno Arce","2/14/20"
"Narcos: Mexico: Season 2: Alea lacta Est","2/14/20"
"Narcos: Mexico: Season 2: Salva El Tigre","2/14/20"
"Better Call Saul: Season 4: Winner","2/9/20"
"Better Call Saul: Season 4: Smoke","2/9/20"
"The Office (U.S.): Season 4: Goodbye, Toby","2/5/20"
"Hot Girls Wanted","1/31/20"
"Killer Inside: The Mind of Aaron Hernandez: Limited Series: Episode 3","1/16/20"
"Killer Inside: The Mind of Aaron Hernandez: Limited Series: Episode 2","1/16/20"
"Killer Inside: The Mind of Aaron Hernandez: Limited Series: Episode 1","1/15/20"
"Inside the World’s Toughest Prisons: Season 1: Philippines","11/28/19"
"Greatest Events of WWII in Colour: Season 1: Hiroshima","11/27/19"
"World War II in Colour: The Island War","11/27/19"
"Greatest Events of WWII in Colour: Season 1: Liberation of Buchenwald","11/27/19"
"Greatest Events of WWII in Colour: Season 1: Dresden Firestorm","11/27/19"
"Greatest Events of WWII in Colour: Season 1: Battle of the Bulge","11/26/19"
"Greatest Events of WWII in Colour: Season 1: Siege of Stalingrad","11/23/19"
"Greatest Events of WWII in Colour: Season 1: Battle of Midway","11/23/19"
"Greatest Events of WWII in Colour: Season 1: Battle of Britain","11/22/19"
"Greatest Events of WWII in Colour: Season 1: Blitzkrieg","11/22/19"
"World War II in Colour: Lightning War","11/16/19"
"World War II in Colour: The Gathering Storm","11/16/19"
"Explained: Season 2: Pirates","11/16/19"
"El Camino: A Breaking Bad Movie","11/14/19"
"Narcos: Season 3: Todos Los Hombres del Presidente","11/14/19"
"Narcos: Season 3: Going Back to Cali","11/14/19"
"Inside the Real Narcos: Season 1: Peru","11/10/19"
"Inside the Real Narcos: Season 1: Colombia","11/10/19"
"Inside the Real Narcos: Season 1: Mexico","11/10/19"
"Narcos: Season 2: Al Fin Cayó!","11/10/19"
"Superbad","11/2/19"
"The Office (U.S.): Season 5: Dream Team","10/16/19"
"Pulp Fiction","10/1/19"
"Explained: Season 1: The Stock Market","10/1/19"
"Explained: Season 1: Cryptocurrency","10/1/19"
"The Office (U.S.): Season 5: Moroccan Christmas","8/7/19"
"Parks and Recreation: Season 5: Women in Garbage","7/31/19"
"Parks and Recreation: Season 2: Hunting Trip","7/31/19"
"Orange Is the New Black: Season 7: Me as Well","7/30/19"
"Orange Is the New Black: Season 7: Trapped in an Elevator","7/30/19"
"Orange Is the New Black: Season 7: Minority Deport","7/29/19"
"Orange Is the New Black: Season 7: How to Do Life","7/28/19"
"Orange Is the New Black: Season 7: And Brown Is the New Orange","7/28/19"
"Orange Is the New Black: Season 7: Just Desserts","7/28/19"
"Orange Is the New Black: Season 7: Beginning of the End","7/26/19"
"The Office (U.S.): Season 9: Junior Salesman","7/24/19"
"Parks and Recreation: Season 4: The Debate","7/22/19"
"Parks and Recreation: Season 2: Summer Catalog","7/22/19"
"Parks and Recreation: Season 2: Park Safety","7/21/19"
"The Big Short","7/17/19"
"","7/16/19"
"Orange Is the New Black: Season 6: Be Free","7/15/19"
"Orange Is the New Black: Season 6: Double Trouble","7/15/19"
"Orange Is the New Black: Season 6: Well This Took a Dark Turn","7/13/19"
"Orange Is the New Black: Season 6: Chocolate Chip Nookie","7/13/19"
"Orange Is the New Black: Season 6: Break the String","7/12/19"
"Orange Is the New Black: Season 6: Gordons","7/12/19"
"Orange Is the New Black: Season 6: Changing Winds","7/8/19"
"Orange Is the New Black: Season 6: State of the Uterus","7/8/19"
"Orange Is the New Black: Season 6: Mischief Mischief","7/8/19"
"Orange Is the New Black: Season 6: I'm the Talking Ass","7/8/19"
"Orange Is the New Black: Season 6: Look Out for Number One","7/8/19"
"Orange Is the New Black: Season 6: Sh*tstorm Coming","7/8/19"
"Orange Is the New Black: Season 6: Who Knows Better Than I","7/8/19"
"Orange Is the New Black: Season 5: Storm-y Weather","7/8/19"
"Orange Is the New Black: Season 5: Tattoo You","7/8/19"
"Orange Is the New Black: Season 5: Breaking the Fiberboard Ceiling","7/7/19"
"Orange Is the New Black: Season 5: The Reverse Midas Touch","7/7/19"
"Orange Is the New Black: Season 5: The Tightening","7/7/19"
"Orange Is the New Black: Season 5: Tied to the Tracks","7/6/19"
"Orange Is the New Black: Season 5: Full Bush, Half Snickers","7/6/19"
"Orange Is the New Black: Season 5: Flaming Hot Cheetos, Literally","7/6/19"
"Orange Is the New Black: Season 5: Sing It, White Effie","7/6/19"
"Orange Is the New Black: Season 5: Litchfield's Got Talent","7/6/19"
"Orange Is the New Black: Season 5: Pissters!","7/5/19"
"Orange Is the New Black: Season 5: F*ck, Marry, Frieda","7/5/19"
"Orange Is the New Black: Season 5: Riot FOMO","7/5/19"
"Orange Is the New Black: Season 4: Toast Can’t Never Be Bread Again","7/5/19"
"Orange Is the New Black: Season 4: The Animals","7/5/19"
"Orange Is the New Black: Season 4: People Persons","7/5/19"
"Orange Is the New Black: Season 4: Bunny, Skull, Bunny, Skull","7/5/19"
"Orange Is the New Black: Season 4: Turn Table Turn","7/5/19"
"Orange Is the New Black: Season 4: Friends in Low Places","7/5/19"
"Orange Is the New Black: Season 4: It Sounded Nicer in My Head","7/4/19"
"Orange Is the New Black: Season 4: Piece of Sh*t","7/4/19"
"Orange Is the New Black: Season 4: We’ll Always Have Baltimore","7/4/19"
"Orange Is the New Black: Season 4: Doctor Psycho","7/4/19"
"Orange Is the New Black: Season 4: (Don’t) Say Anything","7/4/19"
"Orange Is the New Black: Season 4: Power Suit","7/3/19"
"Orange Is the New Black: Season 4: Work That Body for Me","7/3/19"
"Orange Is the New Black: Season 3: Trust No Bitch","7/3/19"
"Orange Is the New Black: Season 3: Don’t Make Me Come Back There","7/3/19"
"Dirty Money: Season 1: Payday","7/3/19"
"Stranger Things: Chapter One: The Vanishing Of Will Byers","7/3/19"
"Dirty Money: Season 1: The Confidence Man","7/2/19"
"My Next Guest Needs No Introduction With David Letterman: Season 1: JAY-Z","7/1/19"
"Orange Is the New Black: Season 3: We Can Be Heroes","7/1/19"
"Orange Is the New Black: Season 3: A Tittin' and a Hairin'","6/30/19"
"Orange Is the New Black: Season 3: Where My Dreidel At","6/29/19"
"Orange Is the New Black: Season 3: Fear, and Other Smells","6/29/19"
"Orange Is the New Black: Season 3: Tongue-Tied","6/29/19"
"Orange Is the New Black: Season 3: Ching Chong Chang","6/29/19"
"Orange Is the New Black: Season 3: Fake It Till You Fake It Some More","6/28/19"
"Orange Is the New Black: Season 3: Finger in the Dyke","6/28/19"
"Dirty Money: Season 1: Hard NOx","6/27/19"
"Orange Is the New Black: Season 3: Empathy Is a Boner Killer","6/27/19"
"Orange Is the New Black: Season 3: Bed Bugs and Beyond","6/27/19"
"Orange Is the New Black: Season 3: Mother's Day","6/26/19"
"Orange Is the New Black: Season 2: We Have Manners. We're Polite.","6/26/19"
"Orange Is the New Black: Season 2: It Was the Change","6/26/19"
"Dirty Money: Season 1: The Maple Syrup Heist","6/26/19"
"Dirty Money: Season 1: Cartel Bank","6/26/19"
"Dirty Money: Season 1: Drug Short","6/26/19"
"Orange Is the New Black: Season 2: Take a Break From Your Values","6/25/19"
"Orange Is the New Black: Season 2: Little Mustachioed Sh*t","6/25/19"
"Orange Is the New Black: Season 2: 40 Oz. of Furlough","6/24/19"
"Orange Is the New Black: Season 2: Appropriately Sized Pots","6/24/19"
"Orange Is the New Black: Season 2: Comic Sans","6/24/19"
"Orange Is the New Black: Season 2: You Also Have a Pizza","6/23/19"
"Orange Is the New Black: Season 2: Low Self Esteem City","6/23/19"
"Orange Is the New Black: Season 2: A Whole Other Hole","6/22/19"
"Orange Is the New Black: Season 2: Hugs Can Be Deceiving","6/22/19"
"Orange Is the New Black: Season 2: Looks Blue, Tastes Red","6/22/19"
"Orange Is the New Black: Season 2: Thirsty Bird","6/21/19"
"Orange Is the New Black: Season 1: Can't Fix Crazy","6/21/19"
"Orange Is the New Black: Season 1: Fool Me Once","6/21/19"
"Orange Is the New Black: Season 1: Tall Men with Feelings","6/21/19"
"Orange Is the New Black: Season 1: Bora Bora Bora","6/21/19"
"Orange Is the New Black: Season 1: F*cksgiving","6/21/19"
"Orange Is the New Black: Season 1: Moscow Mule","6/21/19"
"Orange Is the New Black: Season 1: Blood Donut","6/20/19"
"Orange Is the New Black: Season 1: WAC Pack","6/20/19"
"Orange Is the New Black: Season 1: The Chickening","6/20/19"
"Orange Is the New Black: Season 1: Imaginary Enemies","6/20/19"
"Orange Is the New Black: Season 1: Lesbian Request Denied","6/20/19"
"Orange Is the New Black: Season 1: Tit Punch","6/19/19"
"Orange Is the New Black: Season 1: I Wasn't Ready","6/19/19"
"Conan Without Borders: Season 1: Mexico","6/19/19"
"Aggretsuko: Season 2: Double Moratorium","6/19/19"
"Conan Without Borders: Season 1: Haiti","6/19/19"
"Conan Without Borders: Season 1: Israel","6/19/19"
"The Matrix Reloaded","6/18/19"
"Conan Without Borders: Season 1: Italy","6/18/19"
"Conan Without Borders: Season 1: Korea","6/17/19"
"Black Mirror: Season 3: Nosedive","6/15/19"
"Black Mirror: Season 4: Black Museum","6/15/19"
"Conan Without Borders: Season 1: Cuba","6/15/19"
"Aggretsuko: Season 2: The New Hire Named Anai","6/15/19"
"Black Mirror: Season 4: Hang the DJ","6/14/19"
"Aggretsuko: Season 2: Time to Grow Up","6/14/19"
"Black Mirror: Season 2: White Christmas","6/11/19"
"Black Mirror: Season 5: Rachel, Jack and Ashley Too","6/10/19"
"Black Mirror: Season 5: Striking Vipers","6/10/19"
"Always Be My Maybe","6/6/19"
"Parks and Recreation: Season 4: Pawnee Rangers","6/6/19"
"The Matrix","6/1/19"
"West Side Story","5/29/19"
"The 40-Year-Old Virgin","5/27/19"
"Thor: Ragnarok","5/25/19"
"Parks and Recreation: Season 7: The Johnny Karate Super Awesome Musical Explosion Show","5/21/19"
"Parks and Recreation: Season 7: Gryzzlbox","5/16/19"
"Parks and Recreation: Season 6: New Beginnings","5/14/19"
"Parks and Recreation: Season 4: Meet 'n' Greet","4/26/19"
"Parks and Recreation: Season 4: Born & Raised","4/26/19"
"Parks and Recreation: Season 4: Ron and Tammys","4/24/19"
"Parks and Recreation: Season 4: I'm Leslie Knope","4/24/19"
"Parks and Recreation: Season 2: Woman of the Year","4/17/19"
"Parks and Recreation: Season 2: Galentine's Day","4/17/19"
"Parks and Recreation: Season 2: Sweetums","4/17/19"
"","4/8/19"
"Aggretsuko: Season 1: The Duel","3/24/19"
"Kingdom: Season 1: Episode 6","3/23/19"
"Kingdom: Season 1: Episode 5","3/23/19"
"Kingdom: Season 1: Episode 1","3/16/19"
"Avengers: Infinity War","3/16/19"
"District 9","1/28/19"
"The Dark Knight","1/12/19"
"Better Call Saul: Season 3: Lantern","1/4/19"
"Better Call Saul: Season 3: Fall","1/4/19"
"Better Call Saul: Season 3: Slip","1/4/19"
"Better Call Saul: Season 3: Expenses","1/4/19"
"Better Call Saul: Season 3: Off Brand","1/3/19"
"Better Call Saul: Season 3: Chicanery","1/2/19"
"Breaking Bad: Season 5: To'hajiilee","1/2/19"
"Better Call Saul: Season 3: Sabrosito","1/2/19"
"Better Call Saul: Season 3: Sunk Costs","1/1/19"
"Better Call Saul: Season 3: Witness","1/1/19"
"Better Call Saul: Season 3: Mabel","1/1/19"
"Better Call Saul: Season 2: Klick","1/1/19"
"Better Call Saul: Season 2: Nailed","12/31/18"
"Better Call Saul: Season 2: Fifi","12/30/18"
"Better Call Saul: Season 2: Inflatable","12/30/18"
"Better Call Saul: Season 2: Bali Ha'i","12/30/18"
"Better Call Saul: Season 2: Rebecca","12/29/18"
"Better Call Saul: Season 2: Gloves Off","12/29/18"
"Better Call Saul: Season 2: Amarillo","12/24/18"
"Better Call Saul: Season 2: Cobbler","12/24/18"
"Better Call Saul: Season 2: Switch","12/24/18"
"Better Call Saul: Season 1: Marco","12/23/18"
"Better Call Saul: Season 1: Pimento","12/23/18"
"Better Call Saul: Season 1: Rico","12/22/18"
"Aggretsuko: We Wish You a Metal Christmas","12/22/18"
"Better Call Saul: Season 1: Bingo","12/22/18"
"Better Call Saul: Season 1: Five-O","12/20/18"
"Better Call Saul: Season 1: Alpine Shepherd Boy","12/19/18"
"Better Call Saul: Season 1: Hero","12/18/18"
"The Office (U.S.): Season 9: The Farm","12/15/18"
"The Office (U.S.): Season 9: Moving On","12/15/18"
"The Office (U.S.): Season 9: Vandalism","12/14/18"
"The Office (U.S.): Season 9: Customer Loyalty","12/14/18"
"The Office (U.S.): Season 8: Jury Duty","12/5/18"
"The Office (U.S.): Season 8: Mrs. California","12/4/18"
"The Office (U.S.): Season 8: Spooked","12/2/18"
"The Office (U.S.): Season 8: The Incentive","12/1/18"
"The Office (U.S.): Season 7: Classy Christmas: Part 2","11/26/18"
"Narcos: Mexico: Season 1: Leyenda","11/25/18"
"Narcos: Mexico: Season 1: 881 Lope de Vega","11/25/18"
"Narcos: Mexico: Season 1: Just Say No","11/25/18"
"The Office (U.S.): Season 6: Secretary's Day","11/22/18"
"Narcos: Mexico: Season 1: Jefe de Jefes","11/19/18"
"Narcos: Mexico: Season 1: La Última Frontera","11/18/18"
"Narcos: Mexico: Season 1: The Colombian Connection","11/17/18"
"Narcos: Mexico: Season 1: Rafa, Rafa, Rafa!","11/17/18"
"Narcos: Mexico: Season 1: El Padrino","11/17/18"
"Narcos: Mexico: Season 1: The Plaza System","11/16/18"
"Narcos: Mexico: Season 1: Camelot","11/16/18"
"The Office (U.S.): Season 4: The Deposition","11/10/18"
"Marvel's Daredevil: Season 3: Resurrection","10/24/18"
"Kim's Convenience: Season 2: Handy Graduation","10/19/18"
"Kim's Convenience: Season 2: Appa’s First Text","10/19/18"
"Kim's Convenience: Season 2: Good Neighbours","10/19/18"
"Kim's Convenience: Season 2: Janet’s Boyfriend","10/19/18"
"Kim's Convenience: Season 2: New TV","10/19/18"
"Kim's Convenience: Season 2: Silent Auction","10/18/18"
"Kim's Convenience: Season 2: Sneak Attack","10/18/18"
"Kim's Convenience: Season 2: Resting Place","10/18/18"
"Kim's Convenience: Season 2: Date Night","10/18/18"
"Kim's Convenience: Season 2: House Guest","10/16/18"
"Kim's Convenience: Season 2: Business Award","10/10/18"
"Kim's Convenience: Season 2: Janet’s Roommate","10/10/18"
"Kim's Convenience: Season 1: Family Singing Contest","10/9/18"
"Kim's Convenience: Season 1: Appa's Lump","10/9/18"
"Kim's Convenience: Season 1: Handyman","10/9/18"
"Kim's Convenience: Season 1: Janet's New Job","10/8/18"
"Kim's Convenience: Season 1: Best Before","10/8/18"
"Kim's Convenience: Season 1: Service","9/30/18"
"Kim's Convenience: Season 1: Hapkido","9/30/18"
"Kim's Convenience: Season 1: Rude Kid","9/30/18"
"Kim's Convenience: Season 1: Wingman","9/30/18"
"Kim's Convenience: Season 1: Frank & Nayoung","9/30/18"
"Kim's Convenience: Season 1: Ddong Chim","9/27/18"
"Kim's Convenience: Season 1: Gay Discount","9/27/18"
"Sherlock: Series 2: The Reichenbach Fall","9/12/18"
"Sherlock: Series 2: The Hounds of Baskerville","9/12/18"
"Magic for Humans: Season 1: Seeing Is Believing","9/5/18"
"Magic for Humans: Season 1: Love","9/5/18"
"Magic for Humans: Season 1: Guilt Trip","9/5/18"
"Magic for Humans: Season 1: Self Control","9/5/18"
"The Seven Deadly Sins: The Angel of Destruction","8/31/18"
"The Seven Deadly Sins: Bloodcurdling Canon","8/31/18"
"The Seven Deadly Sins: Pent-up Feelings","8/31/18"
"The Seven Deadly Sins: The Vaizel Fighting Festival","8/31/18"
"The Seven Deadly Sins: Dark Pulse","8/31/18"
"The Seven Deadly Sins: The Fearsome Pursuer","8/31/18"
"The Seven Deadly Sins: A Touching Reunion","8/31/18"
"The Seven Deadly Sins: The Poem of Beginnings","8/31/18"
"The Seven Deadly Sins: Even if You Should Die","8/31/18"
"The Seven Deadly Sins: A Little Girl's Dream","8/31/18"
"The Seven Deadly Sins: The Sin in the Sleeping Forest","8/31/18"
"The Seven Deadly Sins: The Sword of the Holy Knight","8/30/18"
"The Seven Deadly Sins: The Seven Deadly Sins","8/30/18"
"Aggretsuko: Season 1: A Day in the Life of Retsuko","8/22/18"
"Ip Man","8/22/18"
"Star Wars: Episode VIII: The Last Jedi","7/28/18"
"Doctor Strange","5/11/18"
"Battle Royale","4/2/18"
"Bright","3/23/18"
"Black Mirror: Season 2: The Waldo Moment","3/23/18"
"8 Mile","1/19/18"
"Black Mirror: Season 2: White Bear","1/12/18"
"Black Mirror: Season 4: Crocodile","1/1/18"
"Dark: Season 1: Double Lives","1/1/18"
"Black Mirror: Season 4: USS Callister","12/31/17"
"Black Mirror: Season 4: Metalhead","12/30/17"
"Black Mirror: Season 4: Arkangel","12/30/17"
"Dark: Season 1: Past and Present","12/28/17"
"Dark: Season 1: Lies","12/28/17"
"Dark: Season 1: Secrets","12/28/17"
"Sherlock: Series 4: The Lying Detective","12/27/17"
"Sherlock: Series 1: A Study in Pink","12/27/17"
"Master of None: Season 1: Parents","11/23/17"
"Beyond Stranger Things: Beyond 2: Mind Blown","11/11/17"
"Stranger Things: Stranger Things 2: Chapter Nine: The Gate","11/11/17"
"Stranger Things: Stranger Things 2: Chapter Eight: The Mind Flayer","11/11/17"
"Stranger Things: Stranger Things 2: Chapter Seven: The Lost Sister","11/10/17"
"Stranger Things: Stranger Things 2: Chapter Six: The Spy","11/9/17"
"Stranger Things: Stranger Things 2: Chapter Five: Dig Dug","11/9/17"
"Stranger Things: Stranger Things 2: Chapter Four: Will the Wise","11/6/17"
"Stranger Things: Stranger Things 2: Chapter Three: The Pollywog","11/5/17"
"Stranger Things: Stranger Things 2: Chapter Two: Trick or Treat, Freak","11/4/17"
"Stranger Things: Stranger Things 2: Chapter One: MADMAX","11/4/17"
"Stranger Things: Chapter Eight: The Upside Down","11/3/17"
"Stranger Things: Chapter Seven: The Bathtub","11/3/17"
"Stranger Things: Chapter Six: The Monster","11/3/17"
"Stranger Things: Chapter Five: The Flea and the Acrobat","11/3/17"
"Stranger Things: Chapter Four: The Body","11/1/17"
"Stranger Things: Chapter Three: Holly, Jolly","10/31/17"
"Stranger Things: Chapter Two: The Weirdo on Maple Street","10/29/17"
"DEATH NOTE: Season 1: Love","10/14/17"
"Red vs. Blue: Volume 1: The Blood Gulch Chronicles: Vol. 1","10/14/17"
"DEATH NOTE: Season 1: Assault","10/13/17"
"DEATH NOTE: Season 1: Doubt","10/12/17"
"DEATH NOTE: Season 1: Encounter","10/12/17"
"DEATH NOTE: Season 1: Glare","10/11/17"
"DEATH NOTE: Season 1: Overcast","10/5/17"
"DEATH NOTE: Season 1: Unraveling","10/4/17"
"Moana","9/17/17"
"The Wailing","9/16/17"
"One-Punch Man: Season 1: The Ultimate Disciple","9/15/17"
"Attack on Titan: Season 1: To You, After 2,000 Years: The Fall of Shiganshina, Part 1","9/15/17"
"Narcos: Season 3: Convivir","9/4/17"
"Narcos: Season 3: Sin Salida","9/4/17"
"Narcos: Season 3: Best Laid Plans","9/4/17"
"Narcos: Season 3: MRO","9/3/17"
"Narcos: Season 3: Checkmate","9/3/17"
"Narcos: Season 3: Follow the Money","9/3/17"
"Narcos: Season 3: The Cali KGB","9/2/17"
"Narcos: Season 3: The Kingpin Strategy","9/1/17"
"Narcos: Season 1: You Will Cry Tears of Blood","9/1/17"
"Narcos: Season 1: Explosivos","8/31/17"
"Narcos: Season 1: The Palace in Flames","8/31/17"
"Minions","8/27/17"
"Jiro Dreams of Sushi","8/26/17"
"DEATH NOTE: Season 1: Tactics","8/22/17"
"DEATH NOTE: Season 1: Pursuit","8/22/17"
"DEATH NOTE: Season 1: Dealings","8/22/17"
"DEATH NOTE: Season 1: Confrontation","8/22/17"
"DEATH NOTE: Season 1: Rebirth","8/22/17"
"Black Mirror: Season 3: Playtest","8/8/17"
"Black Mirror: Season 3: Hated in the Nation","8/8/17"
"VeggieTales in the House: Season 1: Puppies & Guppies / Sorry We're Closed Today","8/4/17"
"One-Punch Man: Season 1: The Terrifying City","7/31/17"
"One-Punch Man: Season 1: The Ultimate Mentor","7/27/17"
"One-Punch Man: Season 1: The Strongest Hero","7/17/17"
"One-Punch Man: Season 1: The Strongest Man","7/17/17"
"The Imitation Game","7/15/17"
"The Longest Yard","7/14/17"
"Captain America: Civil War","7/8/17"
"Black Mirror: Season 1: The Entire History of You","6/29/17"
"Black Mirror: Season 3: San Junipero","6/27/17"
"One-Punch Man: Season 1: The Dominator of the Universe","6/22/17"
"One-Punch Man: Season 1: Unparalleled Peril","6/22/17"
"One-Punch Man: Season 1: Unyielding Justice","6/22/17"
"One-Punch Man: Season 1: The Deep Sea King","6/22/17"
"One-Punch Man: Season 1: The Modern Ninja","6/20/17"
"One-Punch Man: Season 1: The Obsessive Scientist","6/19/17"
"One-Punch Man: Season 1: The Lone Cyborg","6/15/17"
"Full Metal Jacket","6/9/17"
"Attack on Titan: Season 1: Wall: Raid on Stohess District, Part 3","4/24/17"
"Attack on Titan: Season 1: Mercy: Raid on Stohess District, Part 2","4/21/17"
"Attack on Titan: Season 1: Smile: Raid on Stohess District, Part 1","4/21/17"
"Attack on Titan: Season 1: The Defeated: 57th Expedition Beyond the Walls, Part 6","4/21/17"
"Attack on Titan: Season 1: Crushing Blow: 57th Expedition Beyond the Walls, Part 5","4/21/17"
"Attack on Titan: Season 1: Erwin Smith: 57th Expedition Beyond the Walls, Part 4","4/21/17"
"Attack on Titan: Season 1: Bite: 57th Expedition Beyond the Walls, Part 3","4/21/17"
"Attack on Titan: Season 1: Forest of Giant Trees: 57th Expedition Beyond the Walls, Part 2","4/20/17"
"Attack on Titan: Season 1: Female Titan: 57th Expedition Beyond the Walls, Part 1","4/20/17"
"Attack on Titan: Season 1: What Should be Done: Prelude to the Counterattack, Part 3","4/20/17"
"Attack on Titan: Season 1: Special Operations Squad: Prelude to the Counterattack, Part 2","4/20/17"
"Attack on Titan: Season 1: Still Can't See: Prelude to the Counterattack, Part 1","4/15/17"
"Attack on Titan: Season 1: Primal Desires: Battle of Trost District, Part 9","4/15/17"
"Attack on Titan: Season 1: Wound: Battle of Trost District, Part 8","4/15/17"
"Attack on Titan: Season 1: Icon: Battle of Trost District, Part 7","4/15/17"
"13 Reasons Why: Season 1: Tape 2, Side A","4/15/17"
"13 Reasons Why: Season 1: Tape 1, Side B","4/14/17"
"13 Reasons Why: Season 1: Tape 1, Side A","4/14/17"
"Attack on Titan: Season 1: Answer: Battle of Trost District, Part 6","4/14/17"
"Attack on Titan: Season 1: Where the Left Arm Went: Battle of Trost District, Part 5","4/14/17"
"Attack on Titan: Season 1: Hearing the Heartbeat: Battle of Trost District, Part 4","4/7/17"
"Attack on Titan: Season 1: The Small Blade: Battle of Trost District, Part 3","4/7/17"
"Attack on Titan: Season 1: The World She Saw: Battle of Trost District, Part 2","4/7/17"
"Attack on Titan: Season 1: First Battle: Battle of Trost District, Part 1","4/7/17"
"Attack on Titan: Season 1: Night of the Graduation Ceremony: Humanity Rises Again, Part 2","4/6/17"
"Attack on Titan: Season 1: A Dim Light in the Darkness of Despair: Humanity Rises Again, Part 1","4/6/17"
"V for Vendetta","1/9/17"
"Ip Man 3","1/6/17"
"Everything Before Us","1/6/17"
"Black Mirror: Season 3: Men Against Fire","1/5/17"
"Saving Private Ryan","10/20/16"
"Better Call Saul: Season 1: Nacho","10/16/16"
"Yu-Gi-Oh!: Season 2: Showdown in the Shadows: Part 1: Marik vs. Bakura","9/23/16"
"Narcos: Season 2: Nuestra Finca","9/16/16"
"Narcos: Season 2: Exit El Patrón","9/16/16"
"Narcos: Season 2: Deutschland 93","9/15/16"
"Narcos: Season 2: Los Pepes","9/11/16"
"Narcos: Season 2: The Enemies of My Enemy","9/7/16"
"Narcos: Season 2: The Good, The Bad, and The Dead","9/7/16"
"Narcos: Season 2: Our Man in Madrid","9/6/16"
"Narcos: Season 2: Cambalache","9/6/16"
"Narcos: Season 2: Free at Last","9/2/16"
"Narcos: Season 1: La Gran Mentira","9/2/16"
"Prison Break: Season 4: Greatness Achieved","9/1/16"
"Prison Break: Season 4: The Price","9/1/16"
"Prison Break: Season 4: Five the Hard Way","9/1/16"
"Prison Break: Season 4: Blow Out","9/1/16"
"Prison Break: Season 4: Safe & Sound","9/1/16"
"Prison Break: Season 4: Eagles & Angels","9/1/16"
"Prison Break: Season 4: Shut Down","9/1/16"
"Prison Break: Season 4: Breaking & Entering","8/31/16"
"Prison Break: Season 4: Scylla","8/31/16"
"Prison Break: Season 3: The Art of the Deal","8/31/16"
"Prison Break: Season 3: Hell or High Water","8/29/16"
"Prison Break: Season 3: Under & Out","8/29/16"
"Prison Break: Season 3: Dirt Nap","8/29/16"
"Prison Break: Season 3: Boxed In","8/29/16"
"Prison Break: Season 3: Bang and Burn","8/29/16"
"Prison Break: Season 3: Vamonos","8/29/16"
"Prison Break: Season 3: Orientación","8/29/16"
"Prison Break: Season 2: Sona","8/29/16"
"Prison Break: Season 2: Buried","8/26/16"
"Prison Break: Season 2: Subdivision","8/26/16"
"Prison Break: Season 2: Manhunt","8/17/16"
"Prison Break: Season 1: Flight","8/17/16"
"Prison Break: Season 1: The Old Head","8/17/16"
"Prison Break: Season 1: Riots, Drills and the Devil: Part 2","8/17/16"
"Prison Break: Season 1: Riots, Drills and the Devil: Part 1","8/17/16"
"Star Trek: The Next Generation: Season 4: Legacy","8/12/16"
"Star Trek: The Next Generation: Season 4: Brothers","8/12/16"
"Star Trek: The Next Generation: Season 4: Family","8/11/16"
"Star Trek: The Next Generation: Season 4: The Best of Both Worlds: Part 2","8/11/16"
"Star Trek: The Next Generation: Season 3: The Best of Both Worlds: Part 1","8/11/16"
"Black Hawk Down","7/28/16"
"Marco Polo: Season 2: Lullaby","7/23/16"
"Marco Polo: Season 2: Let God's Work Begin","7/23/16"
"Marco Polo: Season 2: Measure Against the Linchpin","7/22/16"
"Marco Polo: Season 2: Hug","7/22/16"
"Marco Polo: Season 2: Hunter and the Sable Weaver","7/22/16"
"Ip Man 2","5/11/16"
"Beasts of No Nation","5/11/16"
"Amadeus","5/9/16"
"Better Call Saul: Season 1: Mijo","4/19/16"
"The Reluctant Fundamentalist","4/18/16"
"Marco Polo: Season 1: Feast","4/1/16"
"Marco Polo: One Hundred Eyes","4/1/16"
"Narcos: Season 1: Despegue","3/26/16"
"Narcos: Season 1: La Catedral","3/26/16"
"Narcos: Season 1: Descenso","3/25/16"
"Narcos: Season 1: The Men of Always","3/18/16"
"Narcos: Season 1: The Sword of Simón Bolívar","3/18/16"
"Narcos: Season 1: There Will Be a Future","3/6/16"
"Better Call Saul: Season 1: Uno","2/20/16"
"Marco Polo: Season 1: The Heavenly and Primal","1/28/16"
"Marco Polo: Season 1: Prisoners","1/28/16"
"Marco Polo: Season 1: Rendering","1/26/16"
"Marco Polo: Season 1: The Scholar's Pen","1/25/16"
"Marco Polo: Season 1: Hashshashin","1/25/16"
"Fruitvale Station","1/18/16"
"The Walking Dead: Season 1: Wildfire","1/18/16"
"Prison Break: Season 4: The Final Break","1/17/16"
"Prison Break: Season 4: Killing Your Number","1/14/16"
"The Hurt Locker","1/13/16"
"Prison Break: Season 4: Rate of Exchange","1/13/16"
"Prison Break: Season 4: Cowboys & Indians","1/12/16"
"Prison Break: Season 4: S.O.B.","1/12/16"
"Prison Break: Season 4: Versus","1/12/16"
"Prison Break: Season 4: The Mother Lode","1/11/16"
"Prison Break: Season 4: The Sunshine State","1/10/16"
"Prison Break: Season 4: Going Under","1/9/16"
"Prison Break: Season 4: Just Business","1/9/16"
"Prison Break: Season 4: Deal or No Deal","1/9/16"
"Prison Break: Season 4: Selfless","1/7/16"
"Prison Break: Season 4: Quiet Riot","1/7/16"
"Prison Break: Season 4: The Legend","1/7/16"
"Chopped Collection: Collection 2: Amazing Amateurs","1/3/16"
"Prison Break: Season 3: Photo Finish","1/3/16"
"Prison Break: Season 3: Interference","1/3/16"
"Prison Break: Season 3: Good Fences","1/3/16"
"Prison Break: Season 3: Call Waiting","1/2/16"
"Prison Break: Season 3: Fire / Water","1/2/16"
"Chopped Collection: Collection 2: Teen Invasion","12/31/15"
"Prison Break: Season 2: Fin del Camino","12/25/15"
"Prison Break: Season 2: Panama","12/25/15"
"Prison Break: Season 2: Sweet Caroline","12/25/15"
"Prison Break: Season 2: Wash","12/25/15"
"Prison Break: Season 2: Bad Blood","12/25/15"
"Prison Break: Season 2: Chicago","12/24/15"
"Prison Break: Season 2: The Message","12/24/15"
"Prison Break: Season 2: John Doe","12/24/15"
"Prison Break: Season 2: The Killing Box","12/24/15"
"Prison Break: Season 2: Disconnect","12/24/15"
"Prison Break: Season 2: Bolshoi Booze","12/23/15"
"Prison Break: Season 2: Rendezvous","12/23/15"
"Prison Break: Season 2: Unearthed","12/23/15"
"Prison Break: Season 2: Dead Fall","12/23/15"
"Prison Break: Season 2: Map 1213","12/22/15"
"Prison Break: Season 2: First Down","12/22/15"
"Prison Break: Season 2: Scan","12/22/15"
"Prison Break: Season 2: Otis","12/22/15"
"Prison Break: Season 1: Go","12/22/15"
"Prison Break: Season 1: Tonight","12/21/15"
"Prison Break: Season 1: The Key","12/21/15"
"Prison Break: Season 1: Bluff","12/21/15"
"Prison Break: Season 1: J-Cat","12/21/15"
"Prison Break: Season 1: Brother's Keeper","12/21/15"
"Prison Break: Season 1: By the Skin and the Teeth","12/19/15"
"Prison Break: Season 1: The Rat","12/19/15"
"Prison Break: Season 1: End of the Tunnel","12/19/15"
"Prison Break: Season 1: Odd Man Out","12/19/15"
"Prison Break: Season 1: And Then There Were 7","12/18/15"
"Prison Break: Season 1: Sleight of Hand","12/18/15"
"Prison Break: Season 1: Tweener","12/17/15"
"Prison Break: Season 1: English, Fitz or Percy","12/15/15"
"Prison Break: Season 1: Cute Poison","12/15/15"
"Prison Break: Season 1: Cell Test","12/14/15"
"Prison Break: Season 1: Allen","12/8/15"
"Prison Break: Season 1: Pilot","12/7/15"
"Breaking Bad: Season 5: Dead Freight","12/3/15"
"Gladiator","11/27/15"
"Kung Fu Hustle","11/27/15"
"Breaking Bad: Season 4: Salud","11/26/15"
"30 for 30: Benji","11/22/15"
"30 for 30: Of Miracles and Men","11/21/15"
"Breaking Bad: Season 3: Fly","11/21/15"
"Mean Girls","11/15/15"
"Peaky Blinders: Season 1: Episode 1","11/13/15"
"Walt Disney Animation Studios Short Films Collection","11/13/15"
"Tinker Bell and the Great Fairy Rescue","11/10/15"
"Tinker Bell","11/10/15"
"Angelina Ballerina: Ballerina Princess","11/10/15"
"Marco Polo: Season 1: White Moon","11/10/15"
"Marco Polo: Season 1: The Fourth Step","11/8/15"
"Marco Polo: Season 1: The Wolf and the Deer","11/7/15"
"Breaking Bad: Season 3: Kafkaesque","11/4/15"
"Breaking Bad: Season 3: I See You","11/4/15"
"Breaking Bad: Season 3: One Minute","11/1/15"
"Breaking Bad: Season 2: Grilled","10/24/15"
"Breaking Bad: Season 5: Felina","10/24/15"
"Breaking Bad: Season 5: Granite State","10/16/15"
"Breaking Bad: Season 5: Live Free Or Die","10/15/15"
"Breaking Bad: Season 4: Face Off","10/13/15"
"Sherlock: Series 3: Sherlock Uncovered: The Return","10/12/15"
